Question,Answer
1. क्या शिक्षा का महत्व है?,शिक्षा मानव जीवन के विकास और समृद्धि के लिए महत्वपूर्ण है।
2. शिक्षा क्या है?,शिक्षा ज्ञान और सीखने की प्रक्रिया है जो हमारे मानव विकास को बढ़ावा देती है।
3. उच्च शिक्षा क्या है?,उच्च शिक्षा उच्चतर स्तर की शिक्षा है जो स्नातक और स्नातकोत्तर कार्यक्रमों को शामिल करती है।
4. कैसे छात्रों को अच्छे शिक्षकों से मिलकरना चाहिए?,अच्छे शिक्षकों से मिलकरने के लिए छात्रों को स्कूल और कॉलेज में विचारशीलता और सजीव भागीदारी करनी चाहिए।
5. छात्रों के लिए उच्च शिक्षा के लिए कैसे तैयारी करें?,"उच्च शिक्षा के लिए तैयारी के लिए सही योग्यता प्राप्त करें, प्रवेश परीक्षा की तैयारी करें, और स्नातक कोर्स चुनें।"
6. कैसे अच्छे पढ़ाई का आदर करें?,"अच्छे पढ़ाई का आदर करने के लिए समय सार्थकता, स्वतंत्रता, और ध्यान दें।"
7. छात्रों को स्वतंत्र विचार कैसे प्रोत्साहित करें?,स्वतंत्र विचार को प्रोत्साहित करने के लिए छात्रों को विचारशीलता और स्वतंत्रता का समर्थन दें।
8. स्कूल के छात्रों के लिए पढ़ाई के दौरान संयम कैसे बनाएं?,"संयम बनाने के लिए समय प्रबंधन करें, लक्ष्य तय करें, और अधिगम को प्राथमिकता दें।"
9. शिक्षा में प्रौद्योगिकी का क्या महत्व है?,प्रौद्योगिकी शिक्षा को आधुनिक बनाती है और छात्रों को तकनीकी ज्ञान प्रदान करती है।
10. किस प्रकार की शिक्षा से छात्रों के विकास को बेहतर बनाया जा सकता है?,"छात्रों के विकास को बेहतर बनाने के लिए व्याकरण, कला, और खेल की शिक्षा महत्वपूर्ण है।"
11. कैसे छात्रों को स्वयं की पढ़ाई के प्रति प्रोत्साहित करें?,"स्वयं की पढ़ाई को प्रोत्साहित करने के लिए छात्रों को स्वतंत्रता, नियमितता, और समर्पण की आवश्यकता होती है।"
12. छात्रों को सोचने के लिए कैसे प्रोत्साहित करें?,"सोचने को प्रोत्साहित करने के लिए छात्रों को विचारशीलता का मौका दें, प्रश्न पूछने की प्रोत्साहन दें, और समस्याओं का समाधान करने के तरीके सिखाएं।"
13. शिक्षा में सामाजिक यात्रा क्या है?,सामाजिक यात्रा छात्रों को समाज में अधिक समझदार और जागरूक बनाने के लिए महत्वपूर्ण है।
14. कैसे छात्रों को सही योग्यता प्राप्त करने में मदद करें?,योग्यता प्राप्त करने में मदद करने के लिए छात्रों को सही प्रशिक्षण और मार्गदर्शन प्रदान करें।
15. किस प्रकार के कैरियर विकल्प उपलब्ध हैं?,"कैरियर विकल्प विभिन्न शिक्षा सेक्टरों, जैसे कि विज्ञान, वाणिज्य, और कला में उपलब्ध हैं।"
16. छात्रों को कैसे विशेषज्ञता क्षेत्र में मार्गदर्शन करें?,"विशेषज्ञता क्षेत्र में मार्गदर्शन करने के लिए छात्रों को उनके रुझानों, रुचियों, और कौशलों का पता लगाने में मदद करें।"
17. कैसे छात्रों को स्वास्थ्य जीवनशैली को प्रोत्साहित करें?,"स्वास्थ्य जीवनशैली को प्रोत्साहित करने के लिए छात्रों को योग, व्यायाम, और सही आहार की महत्वपूर्णता की जागरूकता दिलाएं।"
18. शिक्षा में समाजिक समानता क्यों महत्वपूर्ण है?,समाजिक समानता शिक्षा में सभी छात्रों को अधिकारिक और समर्पित शिक्षा का अधिकार प्रदान करती है और विकास में सहायक होती है।
19. छात्रों को उच्च शिक्षा के लिए कैसे तैयारी करें?,उच्च शिक्षा के लिए तैयारी करने के लिए छात्रों को प्रवेश परीक्षा की तैयारी करनी चाहिए और उन्हें स्नातक कोर्स चुनने में मदद करें।
20. कैसे छात्रों को विद्या के प्रति प्रेरित करें?,विद्या के प्रति प्रेरित करने के लिए छात्रों को ज्ञान के महत्व को समझाएं और सीखने के लिए उन्हें प्रोत्साहित करें।
21. कैसे छात्रों को अध्ययन में अधिक संयमी बनाया जा सकता है?,"अध्ययन में संयमी बनाने के लिए छात्रों को लक्ष्य तय करने, समय प्रबंधन करने, और व्यवस्थित अध्ययन करने के तरीके सिखाएं।"
22. शिक्षा में नौकरी का चयन कैसे करें?,"नौकरी का चयन करने के लिए छात्रों को उनके रुझानों, रुचियों, और कौशलों का मूल्यांकन करना चाहिए।"
23. छात्रों को कैसे नौकरी के लिए तैयार करें?,"नौकरी के लिए तैयारी करने के लिए छात्रों को उच्च शिक्षा, प्रशिक्षण, और नौकरी तलाश में मदद करें।"
24. कैसे छात्रों को विचारशीलता कैसे विकसित करें?,विचारशीलता को विकसित करने के लिए छात्रों को उनके विचारों को खुल कर व्यक्त करने का समर्थन दें और उन्हें अलग-अलग दृष्टिकोणों को समझने का मौका दें।
25. छात्रों को स्वतंत्रता कैसे दें?,स्वतंत्रता को प्राप्त करने के लिए छात्रों को अपने उद्देश्यों को प्राप्त करने के लिए स्वतंत्रता का समर्थन दें।
26. छात्रों को कैसे सामाजिक सेवा के लिए प्रोत्साहित करें?,सामाजिक सेवा के लिए प्रोत्साहित करने के लिए छात्रों को सेवा के महत्व को समझाएं और सेवा कार्यक्रमों में भाग लेने के लिए प्रोत्साहित करें।
27. छात्रों को कैसे वित्तीय योग्यता दें?,"वित्तीय योग्यता देने के लिए छात्रों को बचत, निवेश, और वित्तीय प्रबंधन के बारे में शिक्षा दें।"
28. कैसे छात्रों को नौकरी पाने के लिए तैयार करें?,नौकरी पाने के लिए छात्रों को सीखने के बाद स्वायत्तता के साथ नौकरी की तलाश में मदद करें और साक्षरता प्रोग्रामों का उपयोग करें।
29. शिक्षा में विज्ञान का क्या महत्व है?,विज्ञान शिक्षा छात्रों को वैज्ञानिक दृष्टिकोण और समस्या समाधान कौशल देती है और तकनीकी ज्ञान को बढ़ावा देती है।
30. कैसे छात्रों को भौतिक शिक्षा के प्रति प्रोत्साहित करें?,भौतिक शिक्षा को प्रोत्साहित करने के लिए छात्रों को विज्ञान के प्रयोगों और प्रयोगशालाओं में भाग लेने के लिए प्रोत्साहित करें।
31. कैसे छात्रों को सामाजिक सेवा के लिए प्रोत्साहित करें?,सामाजिक सेवा के लिए प्रोत्साहित करने के लिए छात्रों को सामाजिक समस्याओं के बारे में जागरूक करें और सेवा कार्यक्रमों में भाग लेने के लिए प्रोत्साहित करें।
32. शिक्षा में कला का क्या महत्व है?,"कला शिक्षा छात्रों की रचनात्मकता, सोचने की क्षमता, और संवाद कौशल को विकसित करती है।"
33. कैसे छात्रों को कला के प्रति प्रोत्साहित करें?,कला के प्रति प्रोत्साहित करने के लिए छात्रों को कला के महत्व को समझाएं और उन्हें विभिन्न कला आवागमनों का साथ दें।
34. शिक्षा में व्यावसायिक प्रशिक्षण क्या है?,"व्यावसायिक प्रशिक्षण छात्रों को कौशल, ज्ञान, और उद्योग के अनुसरण के लिए तैयार करता है।"
35. कैसे छात्रों को व्यावसायिक प्रशिक्षण के लिए प्रोत्साहित करें?,व्यावसायिक प्रशिक्षण के लिए प्रोत्साहित करने के लिए छात्रों को विभिन्न कौशलों के लिए प्रशिक्षण कार्यक्रमों में भाग लेने के लिए मोटिवेट करें।
36. कैसे छात्रों को संगठनात्मक कौशल सिखाएं?,"संगठनात्मक कौशल सिखाने के लिए छात्रों को टीम काम, नेतृत्व, और संगठन आवश्यकताओं के बारे में शिक्षा दें।"
37. कैसे छात्रों को उच्चतम शिक्षा के लिए तैयार करें?,उच्चतम शिक्षा के लिए तैयारी करने के लिए छात्रों को प्रवेश परीक्षा की तैयारी करनी चाहिए और उन्हें स्नातक कोर्स चुनने में मदद करें।
38. कैसे छात्रों को उच्च शिक्षा के लिए आर्थिक सहायता प्रदान करें?,उच्च शिक्षा के लिए आर्थिक सहायता प्रदान करने के लिए सरकारी छात्रवृत्ति और ऋण कार्यक्रमों के बारे में छात्रों को जागरूक करें।
39. कैसे छात्रों को विद्यार्थी विमोचन के लिए तैयार करें?,विद्यार्थी विमोचन के लिए तैयारी करने के लिए छात्रों को उनकी स्वतंत्रता और स्वावलंबन की महत्वपूर्णता के बारे में शिक्षा दें।
40. कैसे छात्रों को सामाजिक न्याय के बारे में जागरूक करें?,सामाजिक न्याय के बारे में छात्रों को जागरूक करने के लिए समाज में न्याय की महत्वपूर्णता के बारे में शिक्षा दें और समाज में समानता का प्रचार करें।
41. कैसे छात्रों को अच्छे नागरिक कैसे बनाया जा सकता है?,अच्छे नागरिक बनाने के लिए छात्रों को समाज में योगदान करने
